Dusan|dusan|0|Dusan|Sudjic|02.04.2000 07:30|dusan@gmail.com|123123123
Kornelije|kornelije|2|Kornelije|Kiso|02.04.2000 07:30|kornelije@gmail.com|123123123
mika|mika|3|Mika|Mikic|02.04.1980 07:30|mika@gmail.com|123123123
dule|dule|0|Dule|Sudjic|02.04.2000 07:30|dule@gmail.com|123123123
lara|lara|1|Lara|Petkovic|02.04.2023 07:30|larapetkovic001@gmail.com|123123123
uki|uki|1|Uki|Sudjic|02.04.2003 07:30|uki@gmail.com|123123123
pera|pera|3|Pera|Peric|02.04.2000 07:30|pera@gmail.com|123123123
z|z|1|z|z|02.04.2023 07:30|z@gmail.com|123123123
jel|jel|3|Jelisaveta|Letic|02.04.2009 07:30|jel@gmail.com|123123123
dzoni|dzoni|3|Dzoni|Nikolic|02.04.2000 07:30|dzoni@gmail.com|123123123
owner|owner|0|Owner|Owner|02.04.2023 07:30|owner@gmail.com|123123123
rau|rau|2|Rau|rau|02.04.2023 07:30|rau@gmail.com|123123123
gost|gost|2|Petar|Petrovic|02.04.2023 07:30|petrovic@gmail.com|123123123
l|l|1|Petar|Petrovic|02.04.2023 07:30|petrovic@gmail.com|123123123
s|s|1|Petar|Petrovic|02.04.2023 07:30|petrovic@gmail.com|123123123
hjk|hjk|1|Petar|Petrovic|02.04.2023 07:30|petrovic@gmail.com|123123123
f|f|1|Petar|Petrovic|02.04.2023 07:30|petrovic@gmail.com|123123123
e|e|1|Petar|Petrovic|02.04.2023 07:30|petrovic@gmail.com|123123123
teja|teja|3|Teodora|Petkovic|04.11.2008 00:00|teodorapetkovic@gmail.com|0654367725
